{"cameraMode":{"drawMode":0,"name":"Shaded","section":"Shading Mode"},"sceneLighting":false,"audioPlay":false,"sceneViewState":{"showFog":true,"showMaterialUpdate":false,"showSkybox":false,"showFlares":true,"showImageEffects":true,"showParticleSystems":true},"in2DMode":false,"pivot":{"x":-40.03413772583008,"y":29.362804412841798,"z":-40.404964447021487},"rotation":{"x":0.18801802396774293,"y":-0.040932849049568179,"z":0.007840298116207123,"w":0.9812809228897095},"size":5.648544788360596,"orthographic":false}