{"cameraMode":{"drawMode":0,"name":"Shaded","section":"Shading Mode"},"sceneLighting":true,"audioPlay":false,"sceneViewState":{"showFog":true,"showMaterialUpdate":false,"showSkybox":false,"showFlares":true,"showImageEffects":true,"showParticleSystems":true},"in2DMode":false,"pivot":{"x":-12999.1435546875,"y":3276.40966796875,"z":583.3671875},"rotation":{"x":0.18958057463169099,"y":-0.02767445519566536,"z":0.005342976655811071,"w":0.9814682006835938},"size":10625.4677734375,"orthographic":false}